id,user_id,task_type,status,details,error_message,dismissed,created_at,updated_at
127eda87-988c-4bfb-8c4a-319a64232322,2dc42356-13cb-4ce4-bf77-fd583f77d72e,Crawl Competitor,Completed,"{""found"": 4, ""target"": ""BaristaBox""}",,f,2026-06-06 01:09:59.8784+00,2026-06-06 01:09:59.8784+00
a6de16b8-0281-4ab8-96b2-6274b73d7730,2dc42356-13cb-4ce4-bf77-fd583f77d72e,Scan Trends,Completed,"{""found"": 5, ""platforms"": [""TikTok"", ""Amazon""]}",,f,2026-06-05 16:09:59.8784+00,2026-06-05 16:09:59.8784+00
01f7feb0-1b80-4840-84af-6cc20ac5fdca,2dc42356-13cb-4ce4-bf77-fd583f77d72e,Generate Brand,Completed,"{""brand"": ""Driftwood Coffee Co.""}",,f,2026-06-02 03:09:59.8784+00,2026-06-02 03:09:59.8784+00
790857e9-44b5-442e-9b9a-c3454d78e8f2,2dc42356-13cb-4ce4-bf77-fd583f77d72e,Crawl Competitor,Failed,"{""target"": ""Kettle & Co""}",Crawler timed out after 30s — site returned 503.,f,2026-06-03 03:09:59.8784+00,2026-06-03 03:09:59.8784+00
9756f649-64a9-49bf-ac28-972f392da167,2dc42356-13cb-4ce4-bf77-fd583f77d72e,Generate Store,Completed,"{""store"": ""Driftwood Coffee Co.""}",,f,2026-06-04 03:09:59.8784+00,2026-06-04 03:09:59.8784+00
9f8ed9cb-9623-40c6-b6e5-1c7d8d147c6b,2dc42356-13cb-4ce4-bf77-fd583f77d72e,Generate SEO,Running,"{""topic"": ""Cold brew brewing questions""}",,f,2026-06-06 03:05:59.8784+00,2026-06-06 03:08:59.8784+00
aba1c799-da49-4138-ae9b-2cb6faa25b50,2dc42356-13cb-4ce4-bf77-fd583f77d72e,Scan Trends,Completed,"{""found"": 15, ""message"": ""15 new trend(s) discovered"", ""keywords"": [""slow""], ""platforms"": [""TikTok"", ""Amazon"", ""Reddit""]}",,f,2026-06-06 03:59:10.214887+00,2026-06-06 03:59:13.561985+00
0839332d-3d53-4250-9722-8b620c2e61e2,2dc42356-13cb-4ce4-bf77-fd583f77d72e,Scan Trends,Completed,"{""found"": 15, ""message"": ""15 new trend(s) discovered"", ""keywords"": [""slows""], ""platforms"": [""TikTok"", ""Amazon"", ""Reddit""]}",,f,2026-06-06 03:59:12.755861+00,2026-06-06 03:59:15.852371+00
db1104f3-5ef5-41be-96b3-193dc24cb329,2dc42356-13cb-4ce4-bf77-fd583f77d72e,Crawl Competitor,Completed,"{""found"": 0, ""alerts"": 0, ""target"": ""Roast Republic""}",,f,2026-06-06 04:19:12.184436+00,2026-06-06 04:19:22.693828+00
45fe6964-1cc8-42d1-9e19-9c43631357f6,2dc42356-13cb-4ce4-bf77-fd583f77d72e,Scan Trends,Running,"{""keywords"": [], ""platforms"": [""TikTok"", ""Amazon""]}",,f,2026-06-06 04:37:10.440212+00,2026-06-06 04:37:10.440212+00
45031e6d-3a1c-4a68-b2de-97725ae0e44b,2dc42356-13cb-4ce4-bf77-fd583f77d72e,Crawl Competitor,Failed,"{""target"": ""amazon""}",Bad Request,t,2026-06-06 04:40:22.399877+00,2026-06-06 04:41:42.498936+00
18d8b617-eac2-4a6a-875e-771a93010c0c,2dc42356-13cb-4ce4-bf77-fd583f77d72e,Scan Trends,Running,"{""keywords"": [], ""platforms"": [""Amazon""]}",,f,2026-06-06 04:43:39.618237+00,2026-06-06 04:43:39.618237+00
febb5033-dfa3-4492-b03b-85d2f9a3c153,2dc42356-13cb-4ce4-bf77-fd583f77d72e,Scan Trends,Completed,"{""found"": 10, ""message"": ""10 new trend(s) discovered"", ""keywords"": [""mouse""], ""platforms"": [""TikTok"", ""Amazon""]}",,f,2026-06-06 04:45:17.125859+00,2026-06-06 04:45:19.093679+00
6f977f97-86cd-490e-a7fe-384aa763daf2,2dc42356-13cb-4ce4-bf77-fd583f77d72e,Crawl Competitor,Failed,"{""target"": ""razer mouse""}",Bad Request,t,2026-06-06 04:42:41.415346+00,2026-06-06 04:53:01.460791+00
411ba78f-7d1f-4f63-98ee-f909e5840a9f,2dc42356-13cb-4ce4-bf77-fd583f77d72e,Crawl Competitor,Failed,"{""target"": ""amazon""}",Bad Request,f,2026-06-06 05:55:23.237309+00,2026-06-06 05:55:24.74297+00
013a8f09-cee9-4f74-bbbc-0d4f2be1c7d0,2dc42356-13cb-4ce4-bf77-fd583f77d72e,Crawl Competitor,Failed,"{""target"": ""razer mouse""}",Bad Request,f,2026-06-06 05:55:27.393442+00,2026-06-06 05:55:29.916128+00
c0690202-0dc1-4abe-a0af-ea6b2fb3a7eb,2dc42356-13cb-4ce4-bf77-fd583f77d72e,Crawl Competitor,Failed,"{""target"": ""razer mouse""}",Bad Request,f,2026-06-06 05:55:29.766384+00,2026-06-06 05:55:32.033321+00
5242540b-2abc-4cbb-a015-24c578a5ff1b,2dc42356-13cb-4ce4-bf77-fd583f77d72e,Crawl Competitor,Completed,"{""found"": 0, ""alerts"": 0, ""target"": ""CremaLab""}",,f,2026-06-06 05:55:26.327656+00,2026-06-06 05:55:36.744368+00
bec3fc30-5a3a-49d5-bb3e-90eab8dc45f9,2dc42356-13cb-4ce4-bf77-fd583f77d72e,Crawl Competitor,Completed,"{""found"": 0, ""alerts"": 0, ""target"": ""Kettle & Co""}",,f,2026-06-06 05:55:26.810772+00,2026-06-06 05:55:36.958171+00
d51f36dd-fade-4a12-bea5-ce5c408ce61f,2dc42356-13cb-4ce4-bf77-fd583f77d72e,Crawl Competitor,Completed,"{""found"": 0, ""alerts"": 0, ""target"": ""amazon""}",,f,2026-06-06 05:56:05.053375+00,2026-06-06 05:56:12.282988+00
b02f4f31-2bcb-41e6-b6d5-ed2e39724da7,2dc42356-13cb-4ce4-bf77-fd583f77d72e,Crawl Competitor,Completed,"{""found"": 0, ""alerts"": 0, ""target"": ""amazon""}",,f,2026-06-06 05:56:11.541908+00,2026-06-06 05:56:20.219466+00
49d40e06-4b00-4ea1-9f1b-8c36baa46782,2dc42356-13cb-4ce4-bf77-fd583f77d72e,Crawl Competitor,Failed,"{""target"": ""amazon""}",Bad Request,f,2026-06-06 06:08:29.39933+00,2026-06-06 06:08:30.85532+00
ad44f3bc-021d-4c58-b397-c042ad3927cb,2dc42356-13cb-4ce4-bf77-fd583f77d72e,Generate Store,Failed,"{""store"": ""fghj""}",Generation failed — simulated error.,f,2026-06-06 06:16:55.327412+00,2026-06-06 06:16:57.219734+00
