id,user_id,keyword,platform,product_name,source_url,trend_score,virality_potential,seasonality_score,saved,discovered_at
98466e72-5cc2-4103-b4e1-89dc108d443c,2dc42356-13cb-4ce4-bf77-fd583f77d72e,cold brew,TikTok,Slow-Drip Cold Brew Tower,https://tiktok.com/t/coldbrewtower,92,88,71,t,2026-06-05 21:09:59.8784+00
610c73ef-830a-4ea7-bbef-e2b008e35e56,2dc42356-13cb-4ce4-bf77-fd583f77d72e,milk frother,Amazon,Electric Milk Frother (4-mode),https://amazon.com/dp/frother,84,62,55,f,2026-06-05 16:09:59.8784+00
25cd1f55-7d64-41c9-95d5-3c82b4e7865e,2dc42356-13cb-4ce4-bf77-fd583f77d72e,matcha kit,TikTok,Ceremonial Matcha Starter Kit,https://tiktok.com/t/matchakit,89,95,48,f,2026-06-05 13:09:59.8784+00
77c250d2-5616-4cec-b29f-08b80dc5ee56,2dc42356-13cb-4ce4-bf77-fd583f77d72e,pour over,Reddit,Single-Dose Burr Grinder,https://reddit.com/r/coffee/po,76,44,39,f,2026-06-05 07:09:59.8784+00
d8717000-8c2e-431c-83a3-5f895efa9c24,2dc42356-13cb-4ce4-bf77-fd583f77d72e,travel espresso,Amazon,Portable Hand-Pump Espresso Maker,https://amazon.com/dp/travelesp,81,73,66,t,2026-06-05 01:09:59.8784+00
a1f85b3f-39e3-4732-bbbc-c41be4c2d856,2dc42356-13cb-4ce4-bf77-fd583f77d72e,coffee scale,Reddit,Bluetooth Brew Scale,https://reddit.com/r/espresso/scale,68,51,33,f,2026-06-04 17:09:59.8784+00
4d026eb9-bf34-4cb7-acc2-52dd6c406c04,2dc42356-13cb-4ce4-bf77-fd583f77d72e,iced latte,TikTok,Glass Iced Latte Tumbler Set,https://tiktok.com/t/icedlatte,87,90,78,f,2026-06-04 09:09:59.8784+00
15996ef0-692b-4680-8830-cfeb78853774,2dc42356-13cb-4ce4-bf77-fd583f77d72e,dripper,Other,Ceramic Flat-Bottom Dripper,https://example.com/dripper,59,38,41,f,2026-06-03 19:09:59.8784+00
b36f9feb-96ff-4f8a-86ac-1a63bdab7fbf,2dc42356-13cb-4ce4-bf77-fd583f77d72e,slow,TikTok,#slow | TikTok,https://www.tiktok.com/tag/slow,72,23,88,f,2026-06-06 03:59:11.393+00
8874da10-0d79-4e68-8ac1-dd168eccf4c3,2dc42356-13cb-4ce4-bf77-fd583f77d72e,slow,TikTok,The Power of a Slow Hand in Country Music | TikTok,https://www.tiktok.com/@hudsonwestbrookmusic/video/7614692751304592670,65,67,46,f,2026-06-06 03:59:11.44+00
c5c16121-4fc7-42bd-873c-6cf99fd0bbe9,2dc42356-13cb-4ce4-bf77-fd583f77d72e,slow,TikTok,Slow Blink | Learn - TikTok effect house,https://effecthouse.tiktok.com/learn/guides/workspace/objects/generative-effects/slow-blink,81,84,51,f,2026-06-06 03:59:11.485+00
d7fa8407-f5a1-4f7a-acc7-4b119b4d1dc0,2dc42356-13cb-4ce4-bf77-fd583f77d72e,slow,TikTok,Boost Your Vocabulary: Synonyms for Slow | English Language Tips,https://www.tiktok.com/@englishwitharchie/video/7268663924768394529,77,52,76,f,2026-06-06 03:59:11.527+00
6ed204c8-52f6-4f2a-b881-1bebe8584608,2dc42356-13cb-4ce4-bf77-fd583f77d72e,slow,TikTok,simple slow cooker recipes - TikTok Shop,https://shop.tiktok.com/us/k/simple-slow-cooker-recipes,86,93,77,f,2026-06-06 03:59:11.575+00
30078246-fbe8-4a80-81f1-d9c8c88ed556,2dc42356-13cb-4ce4-bf77-fd583f77d72e,slow,Amazon,"Thomas Slow: books, biography, latest update - Amazon.com",https://www.amazon.com/stores/author/B07WRC3HWR,61,25,2,f,2026-06-06 03:59:12.306+00
5db46361-4c6f-42fd-a46b-be272931f55c,2dc42356-13cb-4ce4-bf77-fd583f77d72e,slow,Amazon,Seller Central Edit and Add Product Pages SO SLOW almost unusable,https://sellercentral.amazon.com/seller-forums/discussions/t/60df476c-3a8b-4913-9638-f84971901b96,92,13,64,f,2026-06-06 03:59:12.353+00
aec6621b-f747-4f5f-adde-1cf0eb66030f,2dc42356-13cb-4ce4-bf77-fd583f77d72e,slow,Amazon,Configuring your database to monitor slow SQL queries with ...,https://docs.aws.amazon.com/AmazonRDS/latest/UserGuide/USER_DatabaseInsights.SlowSQL.html,79,40,18,f,2026-06-06 03:59:12.396+00
5c84c853-a1e1-49e8-9a89-06422629487d,2dc42356-13cb-4ce4-bf77-fd583f77d72e,slow,Amazon,T swift slow songs | Community Playlist on Amazon Music Unlimited,https://music.amazon.com/user-playlists/2c07b53554f84baeb84942316c860b0fsune,81,66,93,f,2026-06-06 03:59:12.446+00
b99ac85a-3267-4667-95a5-fcc847e4b2fc,2dc42356-13cb-4ce4-bf77-fd583f77d72e,slow,Amazon,"Southwest Slow Cooking: Biber, Tammy, Howell, Theresa",https://www.amazon.com/Southwest-Slow-Cooking-Tammy-Biber/dp/0873588568,61,91,48,f,2026-06-06 03:59:12.493+00
cc6ee796-3a3d-4f6d-814b-4b55b723b401,2dc42356-13cb-4ce4-bf77-fd583f77d72e,slow,Reddit,Does slow mean the same thing as calling someone intellectually ...,https://www.reddit.com/r/logophilia/comments/193d57e/does_slow_mean_the_same_thing_as_calling_someone/,82,49,40,f,2026-06-06 03:59:13.317+00
80a75f34-9c0d-4114-8226-6ce4235b5a2a,2dc42356-13cb-4ce4-bf77-fd583f77d72e,slow,Reddit,Slow is making it feel impossible to have combat challenge my players,https://www.reddit.com/r/DMAcademy/comments/ju9oti/slow_is_making_it_feel_impossible_to_have_combat/,69,27,21,f,2026-06-06 03:59:13.36+00
b9712079-c2da-41d7-ae13-611dd1273822,2dc42356-13cb-4ce4-bf77-fd583f77d72e,slow,Reddit,You can only pick ONE: Slow or Hypnotic Pattern? (2024) - Reddit,https://www.reddit.com/r/onednd/comments/1r4uppe/you_can_only_pick_one_slow_or_hypnotic_pattern/,83,6,43,f,2026-06-06 03:59:13.402+00
f65d7727-5202-44cc-835d-ada8fbb455f1,2dc42356-13cb-4ce4-bf77-fd583f77d72e,slow,Reddit,r/SlowLiving - Reddit,https://www.reddit.com/r/SlowLiving/,79,77,49,f,2026-06-06 03:59:13.446+00
f3365587-966c-4d1c-9cac-a09e3e086f79,2dc42356-13cb-4ce4-bf77-fd583f77d72e,slow,Reddit,is it better using Slow or use instead Web and save a third level slot?,https://www.reddit.com/r/dndnext/comments/u5thie/is_it_better_using_slow_or_use_instead_web_and/,87,84,92,f,2026-06-06 03:59:13.489+00
dac5d7c3-7e15-44e7-915d-fd1cd7282d4f,2dc42356-13cb-4ce4-bf77-fd583f77d72e,slows,TikTok,Slows BBQ Detroit Weekend Food Tour - TikTok,https://www.tiktok.com/@sethtroxler/video/7375123922062249262,66,23,98,f,2026-06-06 03:59:13.619+00
89901716-35c6-4c78-b2f2-6b64fdda09df,2dc42356-13cb-4ce4-bf77-fd583f77d72e,slows,TikTok,"USED-Slows: Twice by Liem, T. (Paperback) - TikTok Shop",https://shop.tiktok.com/us/pdp/slows-twice-by-liem-paperback-poetry-collection-used-book/1731891834298929866,84,39,26,f,2026-06-06 03:59:13.66+00
231e6762-b2a2-4626-a295-80e3bb54ac0f,2dc42356-13cb-4ce4-bf77-fd583f77d72e,slows,TikTok,Slows Bar BQ (@slowsbarbq_gr) | TikTok,https://www.tiktok.com/@slowsbarbq_gr,81,28,38,f,2026-06-06 03:59:13.7+00
8fdbc8b9-9c30-4cd3-84c0-de61d1464901,2dc42356-13cb-4ce4-bf77-fd583f77d72e,slows,TikTok,Slow Feeder Dog Bowl Floating Pet Bowl Splash ... - TikTok Shop,https://shop.tiktok.com/us/pdp/kimpet7-dog-slow-feeder-bowl-1500ml-anti-overturning/1732281016861495865,79,7,8,f,2026-06-06 03:59:13.742+00
b161aea8-b442-4ca6-991e-7d14d5048ea1,2dc42356-13cb-4ce4-bf77-fd583f77d72e,slows,TikTok,Slow Blink | Learn - TikTok effect house,https://effecthouse.tiktok.com/learn/guides/workspace/objects/generative-effects/slow-blink,64,5,75,f,2026-06-06 03:59:13.783+00
07965532-b19b-43a6-bc67-8d8e0f893e87,2dc42356-13cb-4ce4-bf77-fd583f77d72e,slows,Amazon,Slows - Amazon.com Music,https://www.amazon.com/Slows/dp/B00008O2Y8,81,56,81,f,2026-06-06 03:59:14.591+00
ccf5bc14-e4ae-4e42-8df8-2886840aee6c,2dc42356-13cb-4ce4-bf77-fd583f77d72e,slows,Amazon,Amazon Best Sellers: Best Dog Slow Feeders,https://www.amazon.com/Best-Sellers-Dog-Slow-Feeders/zgbs/pet-supplies/17602455011,83,67,28,f,2026-06-06 03:59:14.639+00
2033caae-ec85-460d-8ba8-2eea3c0e045e,2dc42356-13cb-4ce4-bf77-fd583f77d72e,slows,Amazon,The Moth Radio Hour: When Time Slows Down | The Moth Episode ...,https://music.amazon.com/podcasts/ec96f832-d82b-4dbf-91e0-5b78c61177d5/episodes/9383146c-66c0-46ef-884c-f77a89849646/the-moth-the-moth-radio-hour-when-time-slows-down,82,60,6,f,2026-06-06 03:59:14.684+00
53e861ab-89a7-4e46-a5e1-e8abdbb9d618,2dc42356-13cb-4ce4-bf77-fd583f77d72e,slows,Amazon,Listing Creation & Editing Page Extremely Slow – Any Fix?,https://sellercentral.amazon.com/seller-forums/discussions/t/56fedf45-6e0b-4ac2-9d33-df9ff2816553,90,89,6,f,2026-06-06 03:59:14.726+00
84b5b904-e91e-4682-b7c5-3126b0443768,2dc42356-13cb-4ce4-bf77-fd583f77d72e,slows,Amazon,Query Running Slow - Amazon DocumentDB - AWS Documentation,https://docs.aws.amazon.com/documentdb/latest/devguide/performance-slow-queries.html,75,85,38,f,2026-06-06 03:59:14.773+00
70227d4b-01f3-4a7f-97b3-8c81b1d73807,2dc42356-13cb-4ce4-bf77-fd583f77d72e,slows,Reddit,Slows BBQ 207 E Washington Ann Arbor. Now open - Reddit,https://www.reddit.com/r/AnnArbor/comments/1pe05bg/slows_bbq_207_e_washington_ann_arbor_now_open/,85,88,38,f,2026-06-06 03:59:15.61+00
726baa04-1533-475f-a433-248b5e9bd9d6,2dc42356-13cb-4ce4-bf77-fd583f77d72e,slows,Reddit,Where is the door to Slows BBQ in Corktown? : r/Detroit - Reddit,https://www.reddit.com/r/Detroit/comments/1gv0cs0/where_is_the_door_to_slows_bbq_in_corktown/,75,62,74,f,2026-06-06 03:59:15.656+00
0b657e92-b931-42a3-ae4b-baf1bf96d43e,2dc42356-13cb-4ce4-bf77-fd583f77d72e,slows,Reddit,[Detroit Free Press] Slows Bar BQ announces a third metro ... - Reddit,https://www.reddit.com/r/AnnArbor/comments/1mzr4av/detroit_free_press_slows_bar_bq_announces_a_third/,90,37,79,f,2026-06-06 03:59:15.697+00
9092042d-34d0-4f7e-bb3d-b5c877fbf61e,2dc42356-13cb-4ce4-bf77-fd583f77d72e,slows,Reddit,"[[Teferi, Who Slows the Sunset]], does the emblem stack? - Reddit",https://www.reddit.com/r/mtgrules/comments/1jp4tj7/teferi_who_slows_the_sunset_does_the_emblem_stack/,68,36,51,f,2026-06-06 03:59:15.739+00
0a740ddb-b4b6-477d-9533-85cf05e240f3,2dc42356-13cb-4ce4-bf77-fd583f77d72e,slows,Reddit,SLOWS BBQ - seems to keep changing and I don't like it. Or ... - Reddit,https://www.reddit.com/r/Detroit/comments/4xvm30/slows_bbq_seems_to_keep_changing_and_i_dont_like/,69,3,10,t,2026-06-06 03:59:15.786+00
9683fa05-f3df-423b-9be8-f21a301e082e,2dc42356-13cb-4ce4-bf77-fd583f77d72e,mouse,TikTok,Cute Mouse Videos: Tiny Mouses in Homes | TikTok,https://www.tiktok.com/@emily_gelardi/video/7458151949758778655,78,68,96,f,2026-06-06 04:45:17.93+00
75b4c715-6e80-4525-b822-71fef2383e09,2dc42356-13cb-4ce4-bf77-fd583f77d72e,mouse,TikTok,where to wire your mouse - TikTok Shop,https://shop.tiktok.com/us/k/where-to-wire-your-mouse,80,92,94,f,2026-06-06 04:45:18.01+00
9837437f-52b0-4972-bdf6-00acd33751d7,2dc42356-13cb-4ce4-bf77-fd583f77d72e,mouse,TikTok,#mouse | TikTok,https://www.tiktok.com/tag/mouse,75,89,47,f,2026-06-06 04:45:18.064+00
68fe2663-0698-4de2-8a1d-eb35fd61cbdb,2dc42356-13cb-4ce4-bf77-fd583f77d72e,mouse,TikTok,mouse black - TikTok Shop,https://shop.tiktok.com/us/k/mouse-black,67,0,24,f,2026-06-06 04:45:18.12+00
0f035c08-0db4-4dc4-bf9d-cc4002a39d38,2dc42356-13cb-4ce4-bf77-fd583f77d72e,mouse,TikTok,best mouse ever made - TikTok Shop,https://shop.tiktok.com/us/k/best-mouse-ever-made,84,1,40,f,2026-06-06 04:45:18.158+00
21f184fb-c04d-4743-bd05-3b1522007d7a,2dc42356-13cb-4ce4-bf77-fd583f77d72e,mouse,Amazon,Mouse - Amazon.com,https://www.amazon.com/mouse/s?k=mouse,91,81,85,f,2026-06-06 04:45:18.866+00
a0f64748-fd1b-4aba-ad7e-62da1b907c98,2dc42356-13cb-4ce4-bf77-fd583f77d72e,mouse,Amazon,Logitech MX Anywhere 2 Wireless Mouse – Use On Any Surface ...,https://www.amazon.com/Logitech-Anywhere-Wireless-Mouse-Rechargeable/dp/B075Y8ZVBB,74,34,96,f,2026-06-06 04:45:18.907+00
ea1050d8-74f4-41d9-8d52-384e07542230,2dc42356-13cb-4ce4-bf77-fd583f77d72e,mouse,Amazon,"Logitech M510 Wireless Mouse, Black - Amazon.com",https://www.amazon.com/Logitech-Wireless-Computer-Mouse-Side/dp/B003NR57BY,65,65,96,f,2026-06-06 04:45:18.952+00
71937a58-dd28-411f-b639-8cce611850ee,2dc42356-13cb-4ce4-bf77-fd583f77d72e,mouse,Amazon,MiraCase Comfortable 2.4 GHz Long Range Silent Wireless Mouse,https://www.amazon.com/MiraCase-Comfortable-Wireless-Distance-Included/dp/B013EBQXB6,93,70,58,f,2026-06-06 04:45:18.996+00
9dad7373-ddf7-44a5-8052-e9f19452fdae,2dc42356-13cb-4ce4-bf77-fd583f77d72e,mouse,Amazon,"Amazon.com: Cute Cat Wireless Mouse, 2.4GHz Wireless Silent ...",https://www.amazon.com/Wireless-Receiver-Adjustable-Compatible-Computer/dp/B0DPV9VWD8,70,85,64,f,2026-06-06 04:45:19.033+00
